<?xml version="1.0" encoding="UTF-8"?>
<project-private xmlns="http://www.netbeans.org/ns/project-private/1">
    <editor-bookmarks xmlns="http://www.netbeans.org/ns/editor-bookmarks/2" lastBookmarkId="0"/>
    <open-files xmlns="http://www.netbeans.org/ns/projectui-open-files/2">
        <group>
            <file>file:/Users/DAM/NetBeansProjects/PrimeraAplicacion/src/video3/PantallaSecundaria.java</file>
            <file>file:/Users/DAM/NetBeansProjects/PrimeraAplicacion/src/video4/PantallaPrincipal.java</file>
            <file>file:/Users/DAM/NetBeansProjects/PrimeraAplicacion/src/video4/PantallaSecundaria.java</file>
            <file>file:/Users/DAM/NetBeansProjects/PrimeraAplicacion/src/video3/PantallaPrincipal.java</file>
            <file>file:/Users/DAM/NetBeansProjects/PrimeraAplicacion/src/video2/PantallaSecundaria.java</file>
            <file>file:/Users/DAM/NetBeansProjects/PrimeraAplicacion/src/primeraaplicacion/video1.java</file>
            <file>file:/Users/DAM/NetBeansProjects/PrimeraAplicacion/src/video2/PantallaPrincipal.java</file>
        </group>
    </open-files>
</project-private>
