<?xml version="1.0" encoding="UTF-8"?>
<project-private xmlns="http://www.netbeans.org/ns/project-private/1">
    <open-files xmlns="http://www.netbeans.org/ns/projectui-open-files/2">
        <group>
            <file>file:/Users/DAM/NetBeansProjects/ValidacionVideos_12_13_17/src/video12/ejemplovalidacion/interfaz/ValidacionTradicional.java</file>
            <file>file:/Users/DAM/NetBeansProjects/ValidacionVideos_12_13_17/src/video13/ejemplovalidacion/interfaz/ValidacionLibreria.java</file>
        </group>
    </open-files>
</project-private>
